docId,slug,productTitle,asin,httpStatus,inStock,detectedTitle,titleMatch,pageBytes,confidence
"6dd190ab-8bf5-416d-8515-47f8f1b11433","acer-aspire-go-15-i3-n305","Acer Aspire Go 15 (i3-N305, 8GB, FHD IPS)","B0CV5ZSR17","200","UNKNOWN","Acer Aspire Go 15 Slim Laptop with 15.6"" FHD IPS/Intel i3-N305 /8GB LPDDR5 RAM/128GB SSD/Windows 11 Home/English KB/Silver","TRUE","1425449","LOW"
"9abe1b9c-c15d-43c4-8eee-9834e3ccfc8d","acer-nitro-v-16-ai-laptop","Acer Nitro V 16 AI Gaming Laptop","B0FWXM6R9N","200","UNKNOWN","Acer Nitro V 16 AI WUXGA IPS 180Hz Gaming Laptop AI PC, AMD Ryzen 5 240 Processor, 16GB RAM, 512GB SSD, NVIDIA® GeForce RTX™ 5050 8GB GDDR7 Graphics, Windows 11,English Keyboard, Obsidian Black","TRUE","1067940","LOW"
"730ddb67-7a16-4306-8517-f0073f0fc81d","apple-airpods-max-usb-c-wireless-headphone","Apple AirPods Max (USB-C) Headphone","B0DGJ87WZQ","200","UNKNOWN","Apple AirPods Max Wireless Over-Ear Headphones, Pro-Level Active Noise Cancellation, Transparency Mode, Personalized Spatial Audio, USB-C Charging, Bluetooth Headphones for iPhone – Midnight ​​​​​​​","TRUE","1365715","LOW"
"1fd15268-1cfb-4a4e-b1e2-a90eaae5f276","apple-airpods-pro-3","Apple AirPods Pro 3","B0FQFYMLS5","","UNKNOWN","","UNKNOWN","","LOW"
"2ef66e3f-3820-4770-8971-90bb8bcf0557","apple-macbook-air-m2-2022","Apple MacBook Air 13-inch (M2 Chip, 2022)","B0DLHK2MMY","","UNKNOWN","","UNKNOWN","","LOW"
"83cb095b-5235-4ff2-aa9d-268d63450073","apple-macbook-air-m4-13-inch","Apple MacBook Air 13-inch (M4 Chip, 2025)","B0DZDVTDGM","","UNKNOWN","","UNKNOWN","","LOW"
"d70be5f8-ecb3-489c-a9d3-e9c8006af3ae","apple-watch-series-11-gps-46mm-smartwatch","Apple Watch Series 11 GPS 46mm Smartwatch","B0FQFTY5XD","","UNKNOWN","","UNKNOWN","","LOW"
"0def06c6-b50c-4740-a0e3-d88d81ee37dc","aquaphor-baby-healing-ointment","Aquaphor Baby Healing Ointment","B005UEB96K","","UNKNOWN","","UNKNOWN","","LOW"
"91332102-fe66-4c24-ae49-8dd93206f3ed","asus-rog-strix-g16-laptop","ASUS ROG Strix G16 (2025) Gaming Laptop","B0DZZWMB2L","","UNKNOWN","","UNKNOWN","","LOW"
"c5f619e8-3efa-45b3-832f-e3e66ab3c920","asus-vivobook-14-2026","ASUS Vivobook 14 (2026 Edition)","B0FHHJW4NP","","UNKNOWN","","UNKNOWN","","LOW"
"d36d3a19-df63-463a-b357-303f0fdc9029","asus-vivobook-14-x1404va-i3","ASUS Vivobook 14 X1404VA (i3-1315U, 8GB, FHD)","B0DB67YDVX","","UNKNOWN","","UNKNOWN","","LOW"
"4d9c0361-8828-46e9-a079-3b0796289766","asus-vivobook-go-15-e1504fa","ASUS Vivobook Go 15 E1504FA (Ryzen 3 7320U, Military-Grade)","B0DTVQN7KM","","UNKNOWN","","UNKNOWN","","LOW"
"43ebed25-b090-4588-b85c-64bdcc319704","aveeno-baby-daily-care-moisturising-lotion","Aveeno Baby Daily Care Moisturising Lotion","B00D3HQPHE","","UNKNOWN","","UNKNOWN","","LOW"
"a08e11ee-ec95-4b2b-9f0a-4a4cc07a11a7","black-and-decker-digital-air-fryer-window","BLACK+DECKER Digital Air Fryer with Window (7.2L)","B0F1NB8JKK","","UNKNOWN","","UNKNOWN","","LOW"
"6919c290-d4ce-45cc-ac18-e060a398c617","black-and-decker-xl-digital-air-fryer-5-6l-af625","Black+Decker XL Digital Air Fryer (5.6L) - AF625","B0BB2NP5B8","","UNKNOWN","","UNKNOWN","","LOW"
"23fcbcd3-e018-47d2-a8bd-e6705bc728fd","black-decker-400w-glass-chopper-gc400-b5","BLACK+DECKER Multi-Function Glass Chopper & Mincer (GC400-B5)","B08BK9416D","","UNKNOWN","","UNKNOWN","","LOW"
"901a17b4-d3db-44f8-b070-bda27a828651","black-decker-bx440-b5-blender","BLACK+DECKER BX440-B5 Blender with Grinder Mills 1.5L 400W","B0842MBKBF","","UNKNOWN","","UNKNOWN","","LOW"
"790cf830-15a2-47ac-a3ff-ac629f562b8f","bose-quietcomfort-ultra-2nd-gen-earbuds","Bose QuietComfort Ultra Earbuds (2nd Gen)","B0F7M3HPBD","","UNKNOWN","","UNKNOWN","","LOW"
"5cbdd060-97e5-42a5-8d30-deea02a16ea5","bose-quietcomfort-ultra-wireless-headphone","Bose QuietComfort Ultra Headphones (Gen 2)","B0FDKR293G","","UNKNOWN","","UNKNOWN","","LOW"
"584c07a9-0376-4141-8572-949ab64d91aa","braun-pocketgo-m90-mobile-shaver","Braun Pocketgo M90","B00LIQCEE0","","UNKNOWN","","UNKNOWN","","LOW"
"4103d0e1-f979-413b-96b3-c7fe0d4250a5","braun-series-5-51-b1000s-shaver","Braun Series 5 (51-B1000s) Wet & Dry Shaver","B0CSP5VH5Y","","UNKNOWN","","UNKNOWN","","LOW"
"cb22a346-d11d-47dd-88d2-8a76d48cf087","braun-series-9-beard-trimmer-bt9420","Braun Series 9 Beard Trimmer (9420)","B0CF2G6C6B","","UNKNOWN","","UNKNOWN","","LOW"
"81933c0f-4ce9-4a25-befd-978e88c1512d","braun-series-9-pro-plus-shaver","Braun Series 9 PRO+ Electric Shaver with SmartCare Center","B0DF7XCNZB","","UNKNOWN","","UNKNOWN","","LOW"
"52e2afb2-0f76-4159-8649-5f6976e1fdd1","cosori-air-fryer-dual-blaze","COSORI Air Fryer Dual Blaze (6.4L)","B09W5G56D1","","UNKNOWN","","UNKNOWN","","LOW"
"8d279a86-4b79-436e-a5ca-530045446a06","dji-osmo-mobile-6-gimbal","DJI Osmo Mobile 6 Smartphone Gimbal Stabilizer","B0C5J4M8HD","","UNKNOWN","","UNKNOWN","","LOW"
"5a1ee9e6-767f-4067-97ea-2e239d3d018b","earth-mama-organic-diaper-balm","Earth Mama Organic Diaper Balm","B0021HR94K","","UNKNOWN","","UNKNOWN","","LOW"
"c7a844ed-8fab-47d3-9719-52805f27d79f","eucerin-baby-eczema-relief-body-cream","Eucerin Baby Eczema Relief Body Cream","B00DEXA0LY","","UNKNOWN","","UNKNOWN","","LOW"
"cd906791-7a8b-42e1-aa33-d6f3965947c8","eufy-e21-4k-baby-monitor","eufy Baby Monitor E21 (4K Camera)","B0DDXCWMRK","","UNKNOWN","","UNKNOWN","","LOW"
"8c127f02-0ab0-4202-a907-9f87eba7d1d4","ezviz-c6n--baby-monitor","EZVIZ C6N Security Camera","B07ZC1Q6W6","","UNKNOWN","","UNKNOWN","","LOW"
"5ba97848-add6-4c8d-a7a8-d5ae71cb4987","hellobaby-hb6550-baby-monitor","HelloBaby Upgrade Monitor (HB6550)","B09GM8JZM9","","UNKNOWN","","UNKNOWN","","LOW"
"36d6ad47-8c1e-47ca-a7c1-72b8fff27ea4","himalaya-baby-lotion","Himalaya Baby Lotion","B008YD5500","","UNKNOWN","","UNKNOWN","","LOW"
"a3a32bba-809a-46d5-a2a4-c5116dc838eb","hp-14-n150-16gb-student","HP 14 Student Laptop (Intel N150, 16GB RAM)","B0FPXJ6G6B","","UNKNOWN","","UNKNOWN","","LOW"
"eed46a9e-68de-44e4-ac41-a9398faaba09","hp-15-fc0025dx-ryzen5-touch","HP 15-fc0025dx (Ryzen 5 7520U, Touchscreen, 512GB)","B0DB5B5WWS","","UNKNOWN","","UNKNOWN","","LOW"
"b40346ff-48be-401b-aba3-35dde656871c","hp-stream-14-n150","HP Stream 14 (Intel N150, 4GB, Cloud Storage)","B0G5PD1WFT","","UNKNOWN","","UNKNOWN","","LOW"
"811d6310-4994-4085-a2e8-d22b084e5206","hp-victus-15-fa2701wm-laptop","HP Victus 15 (FA2701WM) Gaming Laptop","B0DN5RWNNC","","UNKNOWN","","UNKNOWN","","LOW"
"e08ac2d6-2397-4a39-a0ea-39ff2234bb77","huawei-freebuds-se-3-earbuds","HUAWEI FreeBuds SE 3","B0DN8M5329","","UNKNOWN","","UNKNOWN","","LOW"
"6bb47258-9bdd-4ec1-b4ec-f4722049fb68","imou-1080p-security-camera-dk2--baby-monitor","Imou 1080P Security Camera (DK2)","B0CP59QXSN","","UNKNOWN","","UNKNOWN","","LOW"
"0f0a52e1-0819-48ac-9fee-21049427a7cf","jbl-tune-770nc-wireless-headphone","JBL Tune 770NC Wireless Headphone","B0C6Y5FSQ2","","UNKNOWN","","UNKNOWN","","LOW"
"c91f61c0-9631-46c8-bf31-b41964a1a1d7","jbl-tune-780nc-wireless-headphone","JBL Tune 780NC Wireless Headphone","B0FV3R6NLQ","","UNKNOWN","","UNKNOWN","","LOW"
"54022996-a542-46e9-86cd-d7f87f9acde0","johnsons-baby-oil","Johnson’s Baby Oil","B01FURXSGA","","UNKNOWN","","UNKNOWN","","LOW"
"2a1bd80d-29ef-4c1a-a10b-334cb7d3927e","kemei-2299-professional-trimmer","Kemei 2299 Professional Zero-Gapped Trimmer","B0CHYHTBY7","","UNKNOWN","","UNKNOWN","","LOW"
"59faef7f-3e5d-4df3-966f-38b4946ab4fa","kenwood-air-fryer-grill-xl","KENWOOD Air Fryer + Grill XL (4.5L)","B07VBB4MNF","","UNKNOWN","","UNKNOWN","","LOW"
"e8f797ea-b7c8-4b7f-be1a-1fe0b87ca7b9","lenovo-legion-5i-oled-laptop","Lenovo Legion 5i Gaming Laptop (OLED)","B0F6NRYPPG","","UNKNOWN","","UNKNOWN","","LOW"
"9371dd41-7b2d-4a0f-80a1-88c10d9ac927","lenovo-slim-3-chromebook-14","Lenovo Slim 3 Chromebook 14"" Touchscreen","B0DCLJ9V2B","","UNKNOWN","","UNKNOWN","","LOW"
"abf7eeb0-f82f-46b2-b3c9-0cc77bf5bcdc","lenovo-thinkpad-e16-g2-business-laptop","Lenovo ThinkPad E16 Gen 2 Business Laptop","B0DNQFK6B9","","UNKNOWN","","UNKNOWN","","LOW"
"b1692b2a-b273-42d8-af7b-b39eba1cb623","lenovo-yoga-7i-2-in-1-laptop","Lenovo Yoga 7i 2-in-1 (Intel Core Ultra 7)","B0FM3F1SGH","","UNKNOWN","","UNKNOWN","","LOW"
"e2f1d549-0240-45bc-a0b3-2d4dfd7416da","lollipop-turquoise-baby-monitor","Lollipop Baby Camera","B07MGKBCWC","","UNKNOWN","","UNKNOWN","","LOW"
"7032a36e-4c6e-4ca1-8d97-f7f3c8bc668f","marshall-major-v-bluetooth-headphone","Marshall Major V On-Ear Headphone","B0D1VN2VB7","","UNKNOWN","","UNKNOWN","","LOW"
"1b91e5bc-9f50-4100-9688-9891adbd0a7b","microsoft-surface-laptop","Microsoft Surface Laptop (2025) Copilot+ PC","B0DZBMVVLT","","UNKNOWN","","UNKNOWN","","LOW"
"08c25589-3fec-4d09-a539-9d10551132f2","mustela-hydra-bebe-body-lotion","Mustela Hydra Bebe Body Lotion","B01N76TPJP","","UNKNOWN","","UNKNOWN","","LOW"
"a0891184-3b4c-456f-87d6-926886a78453","mustela-vitamin-barrier-cream-123","Mustela Vitamin Barrier Cream 1-2-3","B00VNTF1TC","","UNKNOWN","","UNKNOWN","","LOW"
"6ad5aad9-dfaf-42bf-8297-be9484e6d1fc","nanit-pro-smart-baby-monitor-uae","Nanit Pro Smart Baby Monitor","B08R13FP7X","","UNKNOWN","","UNKNOWN","","LOW"
"546de062-96a4-40ba-9b20-5a777e399f08","ninja-air-fryer-max-xl-af160me","Ninja Air Fryer Max XL AF160ME (5.2L)","B085BF3YXG","","UNKNOWN","","UNKNOWN","","LOW"
"bad644ac-125f-438c-a80c-0ab4cbb5f0db","nutricook-air-fryer-slim-xl","Nutricook Air Fryer Slim XL (7.6L)","B0CSND4CYX","","UNKNOWN","","UNKNOWN","","LOW"
"f6e64b6e-ef7d-42b3-9c17-d2b674be1384","olov-for-man-grooming-kit-trimmer","OLOV For Man (21-Piece Kit)","B0CGHWFF71","","UNKNOWN","","UNKNOWN","","LOW"
"8fa13442-9180-46b3-859c-950bab9bc931","panasonic-er2051-trimmer","Panasonic ER2051 (Made in Japan)","B076H6S3P4","","UNKNOWN","","UNKNOWN","","LOW"
"ea78598c-4586-40d7-b8c2-fd3ba84ef9e8","panasonic-es-sa40-pro-curve-shaver","Panasonic Pro Curve (ES-SA40)","B008COTFXE","","UNKNOWN","","UNKNOWN","","LOW"
"62543df2-502a-441d-a896-49972075b538","philips-dual-basket-air-fryer-3000","Philips Dual Basket AirFryer 3000 Series (9L)","B0CPGPD4BY","","UNKNOWN","","UNKNOWN","","LOW"
"3b2cdc8e-7634-4664-bd28-6e5ff14580c3","philips-multigroom-series-3000-mg3720-trimmer","Philips Multigroom Series 3000 (MG3720/33)","B07BHXZLZR","","UNKNOWN","","UNKNOWN","","LOW"
"b3f36ff5-0b3a-43f1-a34f-9b2329661461","philips-norelco-9000-prestige","Philips Norelco Shaver 9000 Prestige (Rechargeable Wet & Dry)","B09DH6ST66","","UNKNOWN","","UNKNOWN","","LOW"
"c9ce6e2a-9ddd-4a6b-a3ed-b70bc20eb25e","philips-oneblade-pro-qp6542-trimmer","Philips OneBlade Pro (QP6542/10)","B0F48WNR88","","UNKNOWN","","UNKNOWN","","LOW"
"598e07af-36b3-4d0e-bdd8-c90c3d168688","philips-series-7000-mg7920-trimmer","Philips Series 7000 All-in-One Trimmer (MG7920/15)","B0CQCVFHW2","","UNKNOWN","","UNKNOWN","","LOW"
"3c12fc6d-34bf-45e8-8554-6adf1dd75c0c","philips-shaver-series-1000-s1151","Philips Shaver S1151/00 (Series 1000)","B0CQCL4SK5","","UNKNOWN","","UNKNOWN","","LOW"
"be55aa15-2499-41d5-b3d6-94dee28f9344","pritech-3-in-1-grooming-set-shaver","PRITECH 3-in-1 Electric Shaver & Grooming Set","B083FCB4L8","","UNKNOWN","","UNKNOWN","","LOW"
"c3ef1034-e615-4d0e-9c7c-6cd8b53fdd9d","ps5-slim-digital-ea-sports-fc-26-bundle-console","Sony PlayStation 5 Slim Digital Console – EA SPORTS FC 26 Bundle","B0FWRRXZ3J","","UNKNOWN","","UNKNOWN","","LOW"
"c8d09085-b15e-4b26-afce-e19b26f01aad","remington-f5-5800-foil-shaver","Remington F5-5800","B00BB5YHEI","","UNKNOWN","","UNKNOWN","","LOW"
"6f80c5a8-b663-40ec-aeeb-8198c1643071","reolink-e1-pro-2k-camera-baby-monitor","REOLINK E1 Pro 2K+ Security Camera","B07THQDSBD","","UNKNOWN","","UNKNOWN","","LOW"
"ef95f957-d15e-41da-ac3a-b078f60ff429","samsung-galaxy-buds3-pro-earbuds","Samsung Galaxy Buds3 Pro","B0D9LT4F24","","UNKNOWN","","UNKNOWN","","LOW"
"e0929c3f-c196-4b39-a091-b234abc6a819","samsung-galaxy-s25-ultra-5g-uae-smartphone","Samsung Galaxy S25 Ultra 5G (UAE Version)","B0FH6RQWWK","","UNKNOWN","","UNKNOWN","","LOW"
"b81a8aac-6bac-452f-b415-b61336f5b9fa","sebamed-ph5-5-baby-body-lotion","Sebamed Baby Body Lotion","B07P75TVNS","","UNKNOWN","","UNKNOWN","","LOW"
"dec7ed78-5bc9-4e3b-af03-aebaa55e7a6f","sennheiser-momentum-4-wireless-headphone","Sennheiser Momentum 4 Wireless Headphone","B0B6GHW1SX","","UNKNOWN","","UNKNOWN","","LOW"
"7ba1e8e1-af01-4eca-bbbc-0fee929fdef8","skull-shaver-pitbull-gold-pro","Skull Shaver Pitbull Gold PRO GX5","B0DSWRBTQV","","UNKNOWN","","UNKNOWN","","LOW"
"2aa8fc46-0ab0-4685-904c-9c5b3b270ec7","sony-wf-1000xm5-earbuds","Sony WF-1000XM5 Noise Cancelling Earbuds","B0C33XXS56","","UNKNOWN","","UNKNOWN","","LOW"
"27f30e24-4f4f-414a-98ae-aee92ec3f541","sony-wh-1000xm6-wireless-headphone","Sony WH-1000XM6 Wireless Noise Canceling Headphones","B0F3PQHWTZ","","UNKNOWN","","UNKNOWN","","LOW"
"10dabd05-9057-4af8-bc83-8674621b09c1","sony-wh-ch720n-wireless-headphone","Sony WH-CH720N Noise Cancelling Headphone","B0BS1QCFHX","","UNKNOWN","","UNKNOWN","","LOW"
"06eac1f9-a86b-4285-b884-aa2839a3f2e7","soundcore-anker-liberty-4-nc-earbuds","soundcore by Anker Liberty 4 NC Adaptive Noise Cancelling Earbuds","B0BZV4QFP8","","UNKNOWN","","UNKNOWN","","LOW"
"56d8d2d5-affa-459e-9c4c-10e991f9a8aa","soundcore-anker-p20i-earbuds","soundcore Anker P20i True Wireless Earbuds","B0BTYCRJSS","","UNKNOWN","","UNKNOWN","","LOW"
"f1cd2aa3-b8c3-4ab3-b520-90fc7f39f009","soundcore-life-q30-wireless-headphone","Soundcore Life Q30 Hybrid Headphone","B08HMWZBXC","","UNKNOWN","","UNKNOWN","","LOW"
"6586acea-e91d-464c-a3e1-65d06eaaf778","soundcore-p30i-noise-cancelling-earbuds","soundcore P30i Noise Cancelling Earbuds","B0CRTYZG5C","","UNKNOWN","","UNKNOWN","","LOW"
"7624bdde-4a34-4dca-a6bb-d9e0d565167a","soundcore-space-q45-wireless-headphone","Soundcore Space Q45 by Anker Wireless Headphone","B0B5VHRX7F","","UNKNOWN","","UNKNOWN","","LOW"
"f4067f4f-e497-47dd-8d22-eb2e2afad09d","sudocrem-antiseptic-healing-cream","Sudocrem Antiseptic Healing Cream","B000ZLQJHC","","UNKNOWN","","UNKNOWN","","LOW"
"841d60f2-8bf4-4340-9d11-5193a6eb86e6","tozo-t10-wireless-earbuds","TOZO T10 Wireless Earbuds","B0CJHXX7NP","","UNKNOWN","","UNKNOWN","","LOW"
"4bd92af0-9162-4337-af12-e3b8215fa90b","tp-link-tapo-c200-baby-monitor","TP-Link Tapo C200 Pan/Tilt Camera","B0829KDY9X","","UNKNOWN","","UNKNOWN","","LOW"
"058e21b6-c78b-4764-bd3e-acc8bacffc99","ugreen-clipbuds-open-earbuds","UGREEN ClipBuds Open-Ear Earbuds","B0F94D64P3","","UNKNOWN","","UNKNOWN","","LOW"
"b99e70ad-2b71-45e0-abf1-91edaaebd17b","vtech-vm819-baby-monitor","VTech VM819 Digital Video Baby Monitor","B08V8RWP3W","","UNKNOWN","","UNKNOWN","","LOW"
"e1e4247c-a58f-4d16-824a-65cbe3743a4e","wahl-travel-shaver-3615-1027","Wahl Travel Shaver (3615-1027)","B0047UE91U","","UNKNOWN","","UNKNOWN","","LOW"
"3d5bf2f0-12eb-4b13-aa65-06cc175b0c17","xiaomi-redmi-buds-6-play-earbuds","Xiaomi Redmi Buds 6 Play","B0DBHRWRKC","","UNKNOWN","","UNKNOWN","","LOW"
"c91dc4a0-c2a4-4740-bcb0-8f4695d5243b","yi-security-home-camera-baby-monitor","YI Security Home Indoor Camera","B074389PMT","","UNKNOWN","","UNKNOWN","","LOW"
