"docId","_type","slug","field","matchedPhrase","surroundingSentence"
"1fd15268-1cfb-4a4e-b1e2-a90eaae5f276","product","apple-airpods-pro-3","seo.metaDescription","hands-on","Apple AirPods Pro 3 hands-on review."
"2ef66e3f-3820-4770-8971-90bb8bcf0557","product","apple-macbook-air-m2-2022","seo.metaDescription","We review","We review its performance and price in UAE."
"0def06c6-b50c-4740-a0e3-d88d81ee37dc","product","aquaphor-baby-healing-ointment","seo.metaDescription","we test","From diaper rash to drool rash, we test this multipurpose wonder in Dubai conditions."
"86c7c182-1ff2-45a4-b40a-b2fcb85fbac7","topTenList","best-air-fryers-uae-2026","body[2]","We analyzed","We analyzed the best-selling models on Amazon.ae, comparing capacity, speed, and durability, to bring you the top 6 picks that fit every budget."
"86c7c182-1ff2-45a4-b40a-b2fcb85fbac7","topTenList","best-air-fryers-uae-2026","intro","We tested","We tested top models from Nutricook & Ninja to find the fastest, most energy-efficient options for any budget."
"86c7c182-1ff2-45a4-b40a-b2fcb85fbac7","topTenList","best-air-fryers-uae-2026","listItems[0].whySelected","We picked","We picked this specifically for UAE apartments where counter space is limited."
"86c7c182-1ff2-45a4-b40a-b2fcb85fbac7","topTenList","best-air-fryers-uae-2026","listItems[5].product.seo.metaDescription","We test","We test its grilling capabilities, cyclonic air technology, and value for Dubai kitchens."
"86c7c182-1ff2-45a4-b40a-b2fcb85fbac7","topTenList","best-air-fryers-uae-2026","seo.metaDescription","We tested","We tested the top 2026 models from Nutricook, Ninja, and Philips to find the perfect energy-saving fryer"
"feb1c065-faab-4318-88a5-9eb1081fbff7","topTenList","best-baby-monitors-uae","body[2]","We analyzed","We analyzed the top-rated monitors available on Amazon.ae—from high-tech smart cameras with breathing tracking to reliable, budget-friendly plug-and-play units."
"feb1c065-faab-4318-88a5-9eb1081fbff7","topTenList","best-baby-monitors-uae","body[3]","We Chose","How We Chose & Ranked"
"feb1c065-faab-4318-88a5-9eb1081fbff7","topTenList","best-baby-monitors-uae","body[8]","We analyzed","Real User Feedback: We analyzed verified purchase reviews from UAE residents to spot recurring issues like ""laggy apps"" or ""delivery failures.""."
"feb1c065-faab-4318-88a5-9eb1081fbff7","topTenList","best-baby-monitors-uae","intro","We tested","We tested the top 10 models for 2026 to find what actually works in UAE homes."
"feb1c065-faab-4318-88a5-9eb1081fbff7","topTenList","best-baby-monitors-uae","listItems[0].product.seo.metaDescription","We review","We review its sleep analytics, breathing monitoring, and WiFi performance in UAE villas."
"feb1c065-faab-4318-88a5-9eb1081fbff7","topTenList","best-baby-monitors-uae","listItems[1].product.seo.metaDescription","We test","We test its hybrid connection (WiFi + Monitor) and night vision in Dubai homes."
"feb1c065-faab-4318-88a5-9eb1081fbff7","topTenList","best-baby-monitors-uae","listItems[3].product.seo.metaDescription","We test","We test the Imou DK2 for nursery use in Dubai."
"feb1c065-faab-4318-88a5-9eb1081fbff7","topTenList","best-baby-monitors-uae","listItems[5].product.seo.metaDescription","We tested","We tested the EZVIZ C6N as a baby monitor."
"feb1c065-faab-4318-88a5-9eb1081fbff7","topTenList","best-baby-monitors-uae","listItems[6].product.seo.metaDescription","We analyze","We analyze the app, cloud costs, and video quality."
"feb1c065-faab-4318-88a5-9eb1081fbff7","topTenList","best-baby-monitors-uae","listItems[7].product.seo.metaDescription","We test","We test its 5GHz WiFi support and night vision for babies."
"feb1c065-faab-4318-88a5-9eb1081fbff7","topTenList","best-baby-monitors-uae","listItems[9].product.seo.metaDescription","We test","We test its baby crying detection and night vision."
"feb1c065-faab-4318-88a5-9eb1081fbff7","topTenList","best-baby-monitors-uae","seo.metaDescription","We review","We review the top 10 models for 2026, including Nanit, eufy, and VTech, tested for UAE villas."
"284e557a-b327-4426-b659-a1c5e407d113","topTenList","best-baby-skincare-uae","body[1]","We tested","We tested and reviewed the top 10 products available on Amazon.ae to keep your little one's skin soft, safe, and rash-free."
"284e557a-b327-4426-b659-a1c5e407d113","topTenList","best-baby-skincare-uae","faqs[1].answer[0]","we recommend","In a unique climate like the UAE (hot outdoors, dry AC indoors), we recommend moisturizing twice a day: once after the morning bath to protect against heat, and again before bedtime to protect against the drying effects of Air Conditioning."
"284e557a-b327-4426-b659-a1c5e407d113","topTenList","best-baby-skincare-uae","listItems[1].product.seo.metaDescription","Hands-on","Hands-on with Mustela Hydra Bebe Body Lotion."
"284e557a-b327-4426-b659-a1c5e407d113","topTenList","best-baby-skincare-uae","listItems[3].product.seo.metaDescription","We test","We test its healing power on UAE diaper rashes."
"284e557a-b327-4426-b659-a1c5e407d113","topTenList","best-baby-skincare-uae","listItems[5].product.seo.metaDescription","we test","From diaper rash to drool rash, we test this multipurpose wonder in Dubai conditions."
"284e557a-b327-4426-b659-a1c5e407d113","topTenList","best-baby-skincare-uae","listItems[9].product.seo.metaDescription","We test","We test it for baby massage and cradle cap in the UAE."
"284e557a-b327-4426-b659-a1c5e407d113","topTenList","best-baby-skincare-uae","seo.metaDescription","We review","We review the top 10 lotions, diaper creams, and oils for 2026 including Aveeno, Mustela, and Sebamed."
"2df545be-a205-4496-8f46-87c4e2dfba6f","topTenList","best-beard-trimmers-uae","closingContent[9].preText","our expert","Upgrade your daily routine with our expert breakdown of the best tools:"
"2df545be-a205-4496-8f46-87c4e2dfba6f","topTenList","best-beard-trimmers-uae","faqs[2].answer[0]","brand ambassador","Virat Kohli is the brand ambassador for Philips."
"2df545be-a205-4496-8f46-87c4e2dfba6f","topTenList","best-beard-trimmers-uae","faqs[2].answer[0]","Virat Kohli","Virat Kohli is the brand ambassador for Philips."
"2df545be-a205-4496-8f46-87c4e2dfba6f","topTenList","best-beard-trimmers-uae","faqs[2].question","Virat Kohli","Which trimmer does Virat Kohli use?"
"2df545be-a205-4496-8f46-87c4e2dfba6f","topTenList","best-beard-trimmers-uae","listItems[0].product.seo.metaDescription","We review","We review its self-sharpening blades and battery life."
"2df545be-a205-4496-8f46-87c4e2dfba6f","topTenList","best-beard-trimmers-uae","listItems[1].product.seo.metaDescription","We test","We test this zero-gapped skeleton trimmer for lining and fading."
"2df545be-a205-4496-8f46-87c4e2dfba6f","topTenList","best-beard-trimmers-uae","listItems[2].product.seo.metaDescription","Hands-on","Hands-on with the Philips MG7920/15 All-in-One Trimmer."
"2df545be-a205-4496-8f46-87c4e2dfba6f","topTenList","best-beard-trimmers-uae","listItems[5].product.seo.metaDescription","We review","We review its durability, Japanese blade quality, and mains/rechargeable power."
"2df545be-a205-4496-8f46-87c4e2dfba6f","topTenList","best-beard-trimmers-uae","seo.keywords[8]","Virat Kohli","Which trimmer does Virat Kohli use"
"2df545be-a205-4496-8f46-87c4e2dfba6f","topTenList","best-beard-trimmers-uae","seo.metaDescription","Virat Kohli","See which Philips model Virat Kohli uses + exclusive Amazon.ae discounts."
"1063367f-2fd9-46b4-8a20-33d30cb26f82","topTenList","best-electric-shaver-uae","closingContent[0]","We Selected","How We Selected the Best Electric Shavers for the UAE (2026 Standards)"
"1063367f-2fd9-46b4-8a20-33d30cb26f82","topTenList","best-electric-shaver-uae","closingContent[1]","We evaluated","We evaluated these shavers based on five critical criteria relevant to our region:"
"1063367f-2fd9-46b4-8a20-33d30cb26f82","topTenList","best-electric-shaver-uae","closingContent[2]","We prioritized","Performance in High Humidity: We prioritized shavers that glide smoothly even when skin is slightly damp or sweaty—a common issue in the UAE summer."
"1063367f-2fd9-46b4-8a20-33d30cb26f82","topTenList","best-electric-shaver-uae","closingContent[3]","We selected","We selected models with high-speed motors (CPM) that cut without pulling or tugging."
"1063367f-2fd9-46b4-8a20-33d30cb26f82","topTenList","best-electric-shaver-uae","closingContent[5]","We analyzed","Real User Feedback: We analyzed verified purchase reviews from Amazon.ae and Noon to filter out global hype and focus on local durability experiences."
"1063367f-2fd9-46b4-8a20-33d30cb26f82","topTenList","best-electric-shaver-uae","closingContent[9]","testing results","If you are unsure which type to buy, here is a breakdown based on our 2026 testing results."
"1063367f-2fd9-46b4-8a20-33d30cb26f82","topTenList","best-electric-shaver-uae","faqs[0].answer[0]","we recommend","For sensitive skin, we recommend the Philips Norelco i9000 Prestige."
"1063367f-2fd9-46b4-8a20-33d30cb26f82","topTenList","best-electric-shaver-uae","listItems[0].product.seo.metaDescription","We test","We test the 2-in-1 SmartCare Center and shaving closeness."
"1063367f-2fd9-46b4-8a20-33d30cb26f82","topTenList","best-electric-shaver-uae","listItems[1].product.seo.metaDescription","We review","We review its 0.00mm close shave, SenseIQ technology, and sensitive skin performance."
"1063367f-2fd9-46b4-8a20-33d30cb26f82","topTenList","best-electric-shaver-uae","listItems[1].product.verdict","we've tested","It cuts closer (0.00mm) than any other Philips model we've tested."
"1063367f-2fd9-46b4-8a20-33d30cb26f82","topTenList","best-electric-shaver-uae","listItems[1].whySelected","We picked","We picked it because the NanoTech Dual Precision blades cut closer (0.00mm) than any standard model, while the SenseIQ Pressure Guard actively stops you from pressing too hard—solving the #1 cause of skin irritation in the UAE heat."
"1063367f-2fd9-46b4-8a20-33d30cb26f82","topTenList","best-electric-shaver-uae","listItems[3].product.seo.metaDescription","We review","We review the Skull Shaver Pitbull Gold PRO GX5 performance, battery life, and ease of use in the UAE."
"1063367f-2fd9-46b4-8a20-33d30cb26f82","topTenList","best-electric-shaver-uae","listItems[8].product.seo.metaDescription","hands-on","Braun Pocketgo M90 hands-on review."
"1063367f-2fd9-46b4-8a20-33d30cb26f82","topTenList","best-electric-shaver-uae","seo.metaDescription","We tested","We tested top picks from Braun, Philips & more for close shaves on sensitive skin."
"2d7cd630-2309-4f3e-b81a-65d4b6811e00","topTenList","best-laptop-under-1500-aed-uae","body[5]","We Chose","How We Chose"
"ec4a75a5-8acf-4103-bf86-3a040477e0d7","topTenList","best-laptops-uae","closingContent[8]","We recommend","We recommend comparing prices across multiple retailers to get the best deal:"
"ec4a75a5-8acf-4103-bf86-3a040477e0d7","topTenList","best-laptops-uae","faqs[1].answer[0]","We recommend","We recommend buying a refurbished Lenovo ThinkPad or checking deal sections for older Chromebook models."
"ec4a75a5-8acf-4103-bf86-3a040477e0d7","topTenList","best-laptops-uae","listItems[4].product.seo.metaDescription","We review","We review its performance and price in UAE."
"eee7c364-c239-4226-82f0-79b52b0aad6e","topTenList","best-noise-cancelling-headphones-uae","faqs[0].answer[0]","our top pick","The Sony WH-CH720N is our top pick because it is incredibly lightweight (192g) and stable."
"eee7c364-c239-4226-82f0-79b52b0aad6e","topTenList","best-noise-cancelling-headphones-uae","intro","We analyzed","We analyzed the top-selling models on Amazon.ae to bring you the definitive guide to the best headphones for every budget."
"eee7c364-c239-4226-82f0-79b52b0aad6e","topTenList","best-noise-cancelling-headphones-uae","listItems[0].product.seo.metaDescription","We test","We test the noise cancellation, battery life, and sound quality."
"4a6f3748-947a-4be2-b5f3-91deed323433","topTenList","best-wireless-earbuds-uae","body[2]","We analyzed","We analyzed the top-selling earbuds in the UAE market to help you find the right fit for your budget and lifestyle."
"4a6f3748-947a-4be2-b5f3-91deed323433","topTenList","best-wireless-earbuds-uae","listItems[0].whySelected","We chose","We chose this as the #1 budget wireless earbud because it offers unheard-of value under AED 70, featuring powerful bass and rare app customization that outperforms many expensive rivals."
"4a6f3748-947a-4be2-b5f3-91deed323433","topTenList","best-wireless-earbuds-uae","listItems[2].product.seo.metaDescription","hands-on","Apple AirPods Pro 3 hands-on review."
"4a6f3748-947a-4be2-b5f3-91deed323433","topTenList","best-wireless-earbuds-uae","listItems[3].product.seo.metaDescription","We test","We test the phone stand case and sound quality in our full review."
"4a6f3748-947a-4be2-b5f3-91deed323433","topTenList","best-wireless-earbuds-uae","listItems[3].whySelected","We picked","We picked this for offering the best budget active noise cancellation under AED 100, featuring a clever case that doubles as a phone stand for watching content on the go."
"4a6f3748-947a-4be2-b5f3-91deed323433","topTenList","best-wireless-earbuds-uae","listItems[5].product.seo.metaDescription","We review","We review the comfort, battery life, and connectivity for Huawei users."
"4a6f3748-947a-4be2-b5f3-91deed323433","topTenList","best-wireless-earbuds-uae","listItems[6].whySelected","We chose","We chose these for having the most comfortable and secure fit on the market, combined with Bose's legendary world-class noise cancellation for total immersion."
"4a6f3748-947a-4be2-b5f3-91deed323433","topTenList","best-wireless-earbuds-uae","listItems[7].product.seo.metaDescription","Hands-on","Hands-on with UGREEN ClipBuds."
"4a6f3748-947a-4be2-b5f3-91deed323433","topTenList","best-wireless-earbuds-uae","listItems[9].product.seo.metaDescription","We test","We test its durability and sound quality."
"a08e11ee-ec95-4b2b-9f0a-4a4cc07a11a7","product","black-and-decker-digital-air-fryer-window","seo.metaDescription","Hands-on","Hands-on with the Black+Decker Digital Air Fryer (7.2L)."
"584c07a9-0376-4141-8572-949ab64d91aa","product","braun-pocketgo-m90-mobile-shaver","seo.metaDescription","hands-on","Braun Pocketgo M90 hands-on review."
"81933c0f-4ce9-4a25-befd-978e88c1512d","product","braun-series-9-pro-plus-shaver","seo.metaDescription","We test","We test the 2-in-1 SmartCare Center and shaving closeness."
"d5f94261-1084-4d3c-86c1-da0c0066cd7b","howTo","charity-organizations-uae-donations","body[69]","used by","Transparency and Trust: Digital receipts and blockchain integration (used by entities like Emirates Red Crescent) ensure every dirham is tracked, boosting donor confidence."
"8d279a86-4b79-436e-a5ca-530045446a06","product","dji-osmo-mobile-6-gimbal","seo.metaDescription","Hands-on","Hands-on review of the DJI Osmo Mobile 6."
"8d279a86-4b79-436e-a5ca-530045446a06","product","dji-osmo-mobile-6-gimbal","seo.metaDescription","We test","We test the stabilization, ActiveTrack 6.0, and portability for creators in the UAE."
"5a1ee9e6-767f-4067-97ea-2e239d3d018b","product","earth-mama-organic-diaper-balm","seo.metaDescription","We test","We test its healing power on UAE diaper rashes."
"cd906791-7a8b-42e1-aa33-d6f3965947c8","product","eufy-e21-4k-baby-monitor","seo.metaDescription","We test","We test its hybrid connection (WiFi + Monitor) and night vision in Dubai homes."
"8c127f02-0ab0-4202-a907-9f87eba7d1d4","product","ezviz-c6n--baby-monitor","seo.metaDescription","We tested","We tested the EZVIZ C6N as a baby monitor."
"e08ac2d6-2397-4a39-a0ea-39ff2234bb77","product","huawei-freebuds-se-3-earbuds","seo.metaDescription","We review","We review the comfort, battery life, and connectivity for Huawei users."
"6bb47258-9bdd-4ec1-b4ec-f4722049fb68","product","imou-1080p-security-camera-dk2--baby-monitor","seo.metaDescription","We test","We test the Imou DK2 for nursery use in Dubai."
"54022996-a542-46e9-86cd-d7f87f9acde0","product","johnsons-baby-oil","seo.metaDescription","We test","We test it for baby massage and cradle cap in the UAE."
"2a1bd80d-29ef-4c1a-a10b-334cb7d3927e","product","kemei-2299-professional-trimmer","seo.metaDescription","We test","We test this zero-gapped skeleton trimmer for lining and fading."
"59faef7f-3e5d-4df3-966f-38b4946ab4fa","product","kenwood-air-fryer-grill-xl","seo.metaDescription","We test","We test its grilling capabilities, cyclonic air technology, and value for Dubai kitchens."
"08c25589-3fec-4d09-a539-9d10551132f2","product","mustela-hydra-bebe-body-lotion","seo.metaDescription","Hands-on","Hands-on with Mustela Hydra Bebe Body Lotion."
"6ad5aad9-dfaf-42bf-8297-be9484e6d1fc","product","nanit-pro-smart-baby-monitor-uae","seo.metaDescription","We review","We review its sleep analytics, breathing monitoring, and WiFi performance in UAE villas."
"f93129eb-25b8-4495-80be-7d8f1bf97704","topTenList","new-year-tech-upgrades-uae-2026","faqs[0].answer[0]","We recommend","We recommend ordering by December 28th to guarantee arrival before January 1st."
"f93129eb-25b8-4495-80be-7d8f1bf97704","topTenList","new-year-tech-upgrades-uae-2026","listItems[0].product.seo.metaDescription","We test","We test the noise cancellation, battery life, and sound quality."
"f93129eb-25b8-4495-80be-7d8f1bf97704","topTenList","new-year-tech-upgrades-uae-2026","listItems[1].product.realComplaint","We recommend","We recommend checking the package immediately upon delivery."
"f93129eb-25b8-4495-80be-7d8f1bf97704","topTenList","new-year-tech-upgrades-uae-2026","listItems[3].product.seo.metaDescription","Hands-on","Hands-on review of the DJI Osmo Mobile 6."
"f93129eb-25b8-4495-80be-7d8f1bf97704","topTenList","new-year-tech-upgrades-uae-2026","listItems[3].product.seo.metaDescription","We test","We test the stabilization, ActiveTrack 6.0, and portability for creators in the UAE."
"f93129eb-25b8-4495-80be-7d8f1bf97704","topTenList","new-year-tech-upgrades-uae-2026","seo.metaDescription","We review","We review the top 5 in-stock picks, including the Sony XM6, Galaxy S25 Ultra, and PS5 Slim."
"8fa13442-9180-46b3-859c-950bab9bc931","product","panasonic-er2051-trimmer","seo.metaDescription","We review","We review its durability, Japanese blade quality, and mains/rechargeable power."
"3b2cdc8e-7634-4664-bd28-6e5ff14580c3","product","philips-multigroom-series-3000-mg3720-trimmer","seo.metaDescription","We review","We review its self-sharpening blades and battery life."
"b3f36ff5-0b3a-43f1-a34f-9b2329661461","product","philips-norelco-9000-prestige","seo.metaDescription","We review","We review its 0.00mm close shave, SenseIQ technology, and sensitive skin performance."
"b3f36ff5-0b3a-43f1-a34f-9b2329661461","product","philips-norelco-9000-prestige","verdict","we've tested","It cuts closer (0.00mm) than any other Philips model we've tested."
"598e07af-36b3-4d0e-bdd8-c90c3d168688","product","philips-series-7000-mg7920-trimmer","seo.metaDescription","Hands-on","Hands-on with the Philips MG7920/15 All-in-One Trimmer."
"c3ef1034-e615-4d0e-9c7c-6cd8b53fdd9d","product","ps5-slim-digital-ea-sports-fc-26-bundle-console","realComplaint","We recommend","We recommend checking the package immediately upon delivery."
"25b9d84e-2d09-48c6-ad60-5104ab2b420d","howTo","quantum-computing-guide-uae","faqs[3].answer[1]","used by","Superconducting qubits (used by Google, IBM): Tiny circuits cooled to extreme temperatures."
"25b9d84e-2d09-48c6-ad60-5104ab2b420d","howTo","quantum-computing-guide-uae","faqs[3].answer[2]","used by","Trapped ion qubits (used by IonQ): Individual atoms suspended in electromagnetic fields"
"6f80c5a8-b663-40ec-aeeb-8198c1643071","product","reolink-e1-pro-2k-camera-baby-monitor","seo.metaDescription","We test","We test its 5GHz WiFi support and night vision for babies."
"7ba1e8e1-af01-4eca-bbbc-0fee929fdef8","product","skull-shaver-pitbull-gold-pro","seo.metaDescription","We review","We review the Skull Shaver Pitbull Gold PRO GX5 performance, battery life, and ease of use in the UAE."
"27f30e24-4f4f-414a-98ae-aee92ec3f541","product","sony-wh-1000xm6-wireless-headphone","seo.metaDescription","We test","We test the noise cancellation, battery life, and sound quality."
"6586acea-e91d-464c-a3e1-65d06eaaf778","product","soundcore-p30i-noise-cancelling-earbuds","seo.metaDescription","We test","We test the phone stand case and sound quality in our full review."
"42f18920-c3b4-46eb-9245-f2a1afe77e6a","topTenList","top-10-schools-dubai-2026-khda-fees-reviews","body[4]","We Ranked","The ""Real"" Criteria: How We Ranked These Schools"
"42f18920-c3b4-46eb-9245-f2a1afe77e6a","topTenList","top-10-schools-dubai-2026-khda-fees-reviews","body[5]","we evaluated","Beyond the official ""Outstanding"" badge, we evaluated these schools on three practical factors:"
"42f18920-c3b4-46eb-9245-f2a1afe77e6a","topTenList","top-10-schools-dubai-2026-khda-fees-reviews","seo.metaDescription","We review","We review the Top 10 KHDA 'Outstanding' schools for 2026, covering real costs, traffic struggles, and admission secrets."
"841d60f2-8bf4-4340-9d11-5193a6eb86e6","product","tozo-t10-wireless-earbuds","seo.metaDescription","We test","We test its durability and sound quality."
"4bd92af0-9162-4337-af12-e3b8215fa90b","product","tp-link-tapo-c200-baby-monitor","seo.metaDescription","We test","We test its baby crying detection and night vision."
"058e21b6-c78b-4764-bd3e-acc8bacffc99","product","ugreen-clipbuds-open-earbuds","seo.metaDescription","Hands-on","Hands-on with UGREEN ClipBuds."
"c91dc4a0-c2a4-4740-bcb0-8f4695d5243b","product","yi-security-home-camera-baby-monitor","seo.metaDescription","We analyze","We analyze the app, cloud costs, and video quality."
