URL,Last crawled
https://toptenuae.com/how-to-clean-washing-machine,2026-05-31
https://toptenuae.com/reviews/ezviz-c6n--baby-monitor/,2026-05-30
https://toptenuae.com/ramadan-2026/,2026-02-12
https://toptenuae.com/best-baby-monitor/,2026-02-09
https://toptenuae.com/top-ten/best-beard-trimmers-uae/,2026-02-08
https://www.toptenuae.com/reviews/best-air-fryers-uae-2026,2026-02-08
https://toptenuae.com/nutricook-air-fryer-slim-xl-review,2026-02-03
https://toptenuae.com/zakat-calculator/,2026-02-03
https://toptenuae.com/best-beard-trimmers-uae/,2026-02-03
https://toptenuae.com/tech/samsung-galaxy-s26-ultra-specs-uae-price/,2026-01-08
https://toptenuae.com/reviews/new-year-tech-upgrades-uae-2026/,2026-01-08
https://toptenuae.com/reviews/best-air-fryers-uae-2026/,2026-01-08
https://toptenuae.com/reviews/best-beard-trimmers-uae/,2026-01-08
https://toptenuae.com/reviews/best-wireless-earbuds-uae/,2026-01-08
https://toptenuae.com/parenting-kids/best-baby-skincare-uae/,2026-01-08
https://toptenuae.com/parenting-kids/where-to-donate-used-toys-uae/,2026-01-08
https://toptenuae.com/reviews/best-electric-shaver-uae/,2026-01-08
https://toptenuae.com/reviews/lattafa-khamrah-perfume-deal,2026-01-06
https://toptenuae.com/reviews/evvoli-air-fryer-4l-super-saver-deal,2026-01-06
https://toptenuae.com/reviews/samsung-galaxy-s25-ultra-deal-jan-2026,2026-01-06
https://toptenuae.com/reviews/coodoo-100pcs-magnetic-tiles-deal,2026-01-04